series_id,surface
0,hard_tiles_large_space
1,carpet
2,tiled
3,wood
4,soft_tiles
5,concrete
6,concrete
7,concrete
8,wood
9,wood
10,soft_pvc
11,soft_pvc
12,wood
13,soft_tiles
14,tiled
15,soft_pvc
16,carpet
17,carpet
18,wood
19,fine_concrete
20,wood
21,fine_concrete
22,soft_pvc
23,hard_tiles_large_space
24,concrete
25,wood
26,tiled
27,tiled
28,wood
29,concrete
30,wood
31,soft_tiles
32,concrete
33,wood
34,wood
35,wood
36,carpet
37,soft_tiles
38,wood
39,soft_pvc
40,carpet
41,soft_pvc
42,soft_pvc
43,carpet
44,soft_pvc
45,wood
46,wood
47,carpet
48,wood
49,wood
50,wood
51,wood
52,fine_concrete
53,tiled
54,carpet
55,concrete
56,tiled
57,fine_concrete
58,soft_tiles
59,concrete
60,fine_concrete
61,concrete
62,wood
63,concrete
64,concrete
65,fine_concrete
66,fine_concrete
67,soft_tiles
68,soft_pvc
69,hard_tiles_large_space
70,tiled
71,soft_pvc
72,fine_concrete
73,wood
74,fine_concrete
75,wood
76,tiled
77,soft_pvc
78,concrete
79,soft_pvc
80,soft_tiles
81,tiled
82,wood
83,tiled
84,concrete
85,soft_tiles
86,fine_concrete
87,concrete
88,soft_pvc
89,concrete
90,wood
91,concrete
92,wood
93,concrete
94,tiled
95,concrete
96,soft_pvc
97,soft_pvc
98,soft_tiles
99,wood
100,hard_tiles_large_space
101,tiled
102,wood
103,soft_pvc
104,wood
105,concrete
106,concrete
107,concrete
108,wood
109,tiled
110,soft_pvc
111,concrete
112,soft_pvc
113,fine_concrete
114,wood
115,soft_tiles
116,wood
117,soft_tiles
118,fine_concrete
119,soft_pvc
120,wood
121,wood
122,concrete
123,concrete
124,wood
125,tiled
126,tiled
127,wood
128,fine_concrete
129,concrete
130,soft_tiles
131,wood
132,soft_pvc
133,wood
134,carpet
135,fine_concrete
136,fine_concrete
137,carpet
138,soft_pvc
139,soft_pvc
140,soft_tiles
141,concrete
142,soft_pvc
143,wood
144,concrete
145,carpet
146,concrete
147,concrete
148,fine_concrete
149,concrete
150,wood
151,soft_pvc
152,fine_concrete
153,soft_tiles
154,fine_concrete
155,hard_tiles
156,tiled
157,fine_concrete
158,tiled
159,concrete
160,soft_pvc
161,hard_tiles_large_space
162,soft_pvc
163,wood
164,fine_concrete
165,hard_tiles
166,hard_tiles_large_space
167,hard_tiles_large_space
168,wood
169,tiled
170,carpet
171,soft_tiles
172,wood
173,wood
174,soft_pvc
175,concrete
176,concrete
177,hard_tiles_large_space
178,concrete
179,hard_tiles_large_space
180,concrete
181,fine_concrete
182,wood
183,wood
184,concrete
185,fine_concrete
186,tiled
187,soft_pvc
188,wood
189,wood
190,soft_pvc
191,wood
192,wood
193,concrete
194,wood
195,soft_pvc
196,wood
197,soft_tiles
198,concrete
199,soft_tiles
200,carpet
201,soft_pvc
202,wood
203,hard_tiles_large_space
204,soft_tiles
205,fine_concrete
206,soft_pvc
207,concrete
208,hard_tiles_large_space
209,concrete
210,soft_pvc
211,fine_concrete
212,soft_pvc
213,carpet
214,wood
215,soft_tiles
216,soft_tiles
217,wood
218,soft_pvc
219,concrete
220,soft_pvc
221,wood
222,hard_tiles_large_space
223,soft_pvc
224,carpet
225,wood
226,wood
227,fine_concrete
228,wood
229,tiled
230,wood
231,fine_concrete
232,concrete
233,carpet
234,concrete
235,soft_tiles
236,soft_pvc
237,concrete
238,concrete
239,wood
240,carpet
241,concrete
242,tiled
243,soft_pvc
244,wood
245,concrete
246,wood
247,tiled
248,carpet
249,tiled
250,tiled
251,wood
252,wood
253,wood
254,concrete
255,soft_tiles
256,fine_concrete
257,soft_pvc
258,wood
259,soft_tiles
260,tiled
261,soft_pvc
262,wood
263,concrete
264,concrete
265,soft_tiles
266,hard_tiles_large_space
267,tiled
268,concrete
269,wood
270,fine_concrete
271,soft_tiles
272,concrete
273,wood
274,fine_concrete
275,concrete
276,tiled
277,carpet
278,wood
279,soft_pvc
280,concrete
281,carpet
282,fine_concrete
283,wood
284,wood
285,wood
286,soft_pvc
287,concrete
288,tiled
289,tiled
290,hard_tiles_large_space
291,hard_tiles_large_space
292,concrete
293,soft_tiles
294,concrete
295,soft_pvc
296,soft_pvc
297,concrete
298,wood
299,fine_concrete
300,soft_pvc
301,soft_tiles
302,wood
303,concrete
304,concrete
305,soft_pvc
306,tiled
307,concrete
308,concrete
309,concrete
310,tiled
311,soft_pvc
312,carpet
313,wood
314,soft_pvc
315,wood
316,soft_pvc
317,wood
318,tiled
319,wood
320,hard_tiles_large_space
321,soft_pvc
322,soft_pvc
323,soft_tiles
324,wood
325,wood
326,concrete
327,fine_concrete
328,concrete
329,wood
330,tiled
331,fine_concrete
332,tiled
333,soft_pvc
334,concrete
335,concrete
336,tiled
337,tiled
338,fine_concrete
339,wood
340,wood
341,hard_tiles_large_space
342,wood
343,soft_tiles
344,wood
345,concrete
346,fine_concrete
347,concrete
348,concrete
349,soft_tiles
350,tiled
351,soft_pvc
352,tiled
353,wood
354,wood
355,tiled
356,soft_tiles
357,soft_tiles
358,wood
359,wood
360,tiled
361,hard_tiles_large_space
362,concrete
363,soft_pvc
364,wood
365,fine_concrete
366,fine_concrete
367,wood
368,wood
369,concrete
370,carpet
371,soft_pvc
372,soft_pvc
373,concrete
374,wood
375,wood
376,soft_tiles
377,tiled
378,concrete
379,fine_concrete
380,hard_tiles_large_space
381,soft_tiles
382,wood
383,tiled
384,fine_concrete
385,concrete
386,concrete
387,soft_tiles
388,tiled
389,fine_concrete
390,wood
391,wood
392,concrete
393,hard_tiles_large_space
394,concrete
395,soft_tiles
396,soft_pvc
397,soft_pvc
398,concrete
399,concrete
400,tiled
401,fine_concrete
402,wood
403,wood
404,wood
405,soft_tiles
406,carpet
407,concrete
408,hard_tiles_large_space
409,soft_pvc
410,concrete
411,wood
412,concrete
413,wood
414,carpet
415,hard_tiles_large_space
416,soft_pvc
417,soft_pvc
418,soft_tiles
419,tiled
420,soft_tiles
421,concrete
422,concrete
423,carpet
424,wood
425,soft_pvc
426,tiled
427,soft_tiles
428,tiled
429,tiled
430,concrete
431,tiled
432,soft_pvc
433,concrete
434,wood
435,wood
436,concrete
437,soft_tiles
438,fine_concrete
439,soft_pvc
440,fine_concrete
441,soft_tiles
442,soft_pvc
443,soft_pvc
444,wood
445,soft_pvc
446,fine_concrete
447,hard_tiles_large_space
448,wood
449,carpet
450,fine_concrete
451,concrete
452,wood
453,tiled
454,soft_tiles
455,concrete
456,concrete
457,soft_pvc
458,tiled
459,soft_pvc
460,soft_tiles
461,concrete
462,tiled
463,concrete
464,hard_tiles_large_space
465,concrete
466,concrete
467,soft_tiles
468,soft_tiles
469,soft_tiles
470,wood
471,carpet
472,hard_tiles_large_space
473,tiled
474,tiled
475,soft_pvc
476,wood
477,tiled
478,wood
479,wood
480,wood
481,concrete
482,concrete
483,concrete
484,wood
485,carpet
486,concrete
487,concrete
488,wood
489,concrete
490,wood
491,soft_pvc
492,concrete
493,fine_concrete
494,fine_concrete
495,carpet
496,wood
497,concrete
498,concrete
499,fine_concrete
500,concrete
501,carpet
502,tiled
503,tiled
504,wood
505,fine_concrete
506,concrete
507,concrete
508,soft_pvc
509,carpet
510,soft_pvc
511,wood
512,soft_pvc
513,soft_tiles
514,soft_pvc
515,tiled
516,soft_pvc
517,fine_concrete
518,concrete
519,wood
520,concrete
521,soft_tiles
522,tiled
523,concrete
524,tiled
525,hard_tiles_large_space
526,wood
527,hard_tiles_large_space
528,carpet
529,concrete
530,soft_pvc
531,carpet
532,soft_pvc
533,carpet
534,concrete
535,fine_concrete
536,concrete
537,wood
538,fine_concrete
539,wood
540,hard_tiles_large_space
541,wood
542,soft_pvc
543,concrete
544,soft_tiles
545,soft_pvc
546,wood
547,soft_pvc
548,tiled
549,concrete
550,wood
551,soft_tiles
552,fine_concrete
553,concrete
554,soft_tiles
555,concrete
556,wood
557,wood
558,concrete
559,soft_pvc
560,fine_concrete
561,fine_concrete
562,concrete
563,wood
564,concrete
565,concrete
566,tiled
567,wood
568,wood
569,soft_tiles
570,tiled
571,wood
572,soft_pvc
573,soft_pvc
574,wood
575,concrete
576,concrete
577,concrete
578,tiled
579,concrete
580,soft_tiles
581,tiled
582,wood
583,soft_tiles
584,concrete
585,hard_tiles_large_space
586,fine_concrete
587,soft_pvc
588,wood
589,tiled
590,tiled
591,fine_concrete
592,carpet
593,concrete
594,wood
595,hard_tiles_large_space
596,concrete
597,wood
598,tiled
599,concrete
600,concrete
601,carpet
602,fine_concrete
603,hard_tiles
604,wood
605,soft_pvc
606,wood
607,hard_tiles_large_space
608,concrete
609,soft_pvc
610,hard_tiles_large_space
611,fine_concrete
612,soft_pvc
613,wood
614,carpet
615,fine_concrete
616,hard_tiles_large_space
617,concrete
618,concrete
619,carpet
620,concrete
621,wood
622,concrete
623,wood
624,concrete
625,wood
626,soft_pvc
627,soft_pvc
628,wood
629,soft_tiles
630,concrete
631,wood
632,wood
633,wood
634,fine_concrete
635,concrete
636,wood
637,carpet
638,soft_pvc
639,concrete
640,soft_pvc
641,hard_tiles_large_space
642,concrete
643,tiled
644,wood
645,carpet
646,wood
647,concrete
648,concrete
649,hard_tiles_large_space
650,wood
651,wood
652,concrete
653,fine_concrete
654,fine_concrete
655,carpet
656,tiled
657,wood
658,tiled
659,concrete
660,fine_concrete
661,concrete
662,soft_pvc
663,concrete
664,concrete
665,tiled
666,fine_concrete
667,tiled
668,wood
669,wood
670,soft_pvc
671,fine_concrete
672,tiled
673,wood
674,soft_tiles
675,wood
676,wood
677,concrete
678,soft_pvc
679,soft_pvc
680,concrete
681,concrete
682,wood
683,concrete
684,fine_concrete
685,wood
686,wood
687,tiled
688,soft_pvc
689,wood
690,tiled
691,soft_pvc
692,carpet
693,hard_tiles_large_space
694,wood
695,fine_concrete
696,wood
697,wood
698,carpet
699,soft_pvc
700,wood
701,carpet
702,wood
703,tiled
704,soft_tiles
705,hard_tiles
706,hard_tiles_large_space
707,soft_pvc
708,concrete
709,soft_pvc
710,wood
711,tiled
712,hard_tiles_large_space
713,wood
714,wood
715,hard_tiles_large_space
716,tiled
717,wood
718,tiled
719,soft_pvc
720,soft_tiles
721,wood
722,concrete
723,concrete
724,hard_tiles
725,concrete
726,concrete
727,wood
728,soft_pvc
729,concrete
730,tiled
731,hard_tiles_large_space
732,concrete
733,concrete
734,tiled
735,concrete
736,soft_pvc
737,hard_tiles_large_space
738,wood
739,fine_concrete
740,fine_concrete
741,wood
742,concrete
743,wood
744,soft_pvc
745,soft_tiles
746,concrete
747,concrete
748,carpet
749,soft_pvc
750,soft_tiles
751,soft_tiles
752,concrete
753,concrete
754,fine_concrete
755,hard_tiles_large_space
756,soft_pvc
757,soft_tiles
758,soft_pvc
759,fine_concrete
760,fine_concrete
761,fine_concrete
762,concrete
763,soft_tiles
764,soft_tiles
765,wood
766,concrete
767,concrete
768,soft_pvc
769,fine_concrete
770,soft_pvc
771,tiled
772,fine_concrete
773,wood
774,tiled
775,wood
776,concrete
777,hard_tiles
778,concrete
779,tiled
780,soft_pvc
781,concrete
782,concrete
783,soft_tiles
784,fine_concrete
785,concrete
786,fine_concrete
787,fine_concrete
788,hard_tiles_large_space
789,wood
790,tiled
791,fine_concrete
792,soft_pvc
793,concrete
794,carpet
795,wood
796,wood
797,fine_concrete
798,wood
799,concrete
800,soft_tiles
801,concrete
802,tiled
803,fine_concrete
804,concrete
805,hard_tiles
806,soft_pvc
807,tiled
808,concrete
809,concrete
810,soft_pvc
811,concrete
812,soft_tiles
813,concrete
814,wood
815,soft_pvc
816,wood
817,soft_tiles
818,soft_pvc
819,soft_pvc
820,wood
821,concrete
822,hard_tiles_large_space
823,soft_pvc
824,concrete
825,fine_concrete
826,wood
827,carpet
828,wood
829,soft_pvc
830,fine_concrete
831,concrete
832,hard_tiles_large_space
833,wood
834,soft_pvc
835,concrete
836,soft_pvc
837,soft_pvc
838,wood
839,fine_concrete
840,fine_concrete
841,soft_pvc
842,wood
843,fine_concrete
844,soft_pvc
845,concrete
846,soft_pvc
847,concrete
848,tiled
849,wood
850,wood
851,fine_concrete
852,concrete
853,hard_tiles_large_space
854,concrete
855,tiled
856,hard_tiles_large_space
857,hard_tiles_large_space
858,soft_pvc
859,fine_concrete
860,wood
861,soft_tiles
862,wood
863,hard_tiles_large_space
864,tiled
865,carpet
866,carpet
867,soft_tiles
868,fine_concrete
869,tiled
870,soft_tiles
871,wood
872,tiled
873,tiled
874,hard_tiles_large_space
875,carpet
876,tiled
877,wood
878,tiled
879,wood
880,soft_pvc
881,concrete
882,soft_tiles
883,wood
884,wood
885,carpet
886,concrete
887,tiled
888,wood
889,soft_pvc
890,tiled
891,fine_concrete
892,soft_pvc
893,concrete
894,hard_tiles_large_space
895,soft_pvc
896,wood
897,concrete
898,tiled
899,wood
900,tiled
901,fine_concrete
902,wood
903,soft_pvc
904,tiled
905,fine_concrete
906,fine_concrete
907,wood
908,soft_pvc
909,fine_concrete
910,concrete
911,concrete
912,concrete
913,concrete
914,wood
915,wood
916,carpet
917,tiled
918,concrete
919,soft_tiles
920,soft_pvc
921,soft_pvc
922,hard_tiles_large_space
923,hard_tiles_large_space
924,carpet
925,concrete
926,concrete
927,hard_tiles_large_space
928,wood
929,tiled
930,concrete
931,tiled
932,tiled
933,concrete
934,wood
935,carpet
936,soft_pvc
937,wood
938,wood
939,wood
940,concrete
941,tiled
942,soft_pvc
943,fine_concrete
944,hard_tiles_large_space
945,wood
946,wood
947,soft_pvc
948,concrete
949,concrete
950,concrete
951,soft_pvc
952,concrete
953,carpet
954,concrete
955,tiled
956,wood
957,soft_pvc
958,soft_tiles
959,fine_concrete
960,soft_pvc
961,concrete
962,tiled
963,soft_pvc
964,concrete
965,wood
966,concrete
967,soft_pvc
968,hard_tiles_large_space
969,hard_tiles
970,soft_pvc
971,soft_pvc
972,wood
973,concrete
974,tiled
975,soft_pvc
976,concrete
977,fine_concrete
978,hard_tiles_large_space
979,concrete
980,soft_pvc
981,soft_pvc
982,wood
983,soft_tiles
984,concrete
985,tiled
986,soft_pvc
987,wood
988,concrete
989,concrete
990,concrete
991,wood
992,soft_pvc
993,tiled
994,tiled
995,wood
996,concrete
997,wood
998,hard_tiles_large_space
999,concrete
1000,wood
1001,concrete
1002,tiled
1003,hard_tiles_large_space
1004,soft_pvc
1005,soft_pvc
1006,fine_concrete
1007,tiled
1008,concrete
1009,tiled
1010,carpet
1011,hard_tiles_large_space
1012,concrete
1013,carpet
1014,concrete
1015,tiled
1016,tiled
1017,concrete
1018,fine_concrete
1019,wood
1020,carpet
1021,hard_tiles_large_space
1022,hard_tiles_large_space
1023,concrete
1024,soft_tiles
1025,carpet
1026,soft_pvc
1027,soft_pvc
1028,concrete
1029,wood
1030,fine_concrete
1031,hard_tiles_large_space
1032,hard_tiles_large_space
1033,soft_pvc
1034,hard_tiles_large_space
1035,carpet
1036,wood
1037,soft_tiles
1038,soft_pvc
1039,soft_pvc
1040,fine_concrete
1041,carpet
1042,carpet
1043,soft_pvc
1044,wood
1045,concrete
1046,concrete
1047,wood
1048,concrete
1049,soft_pvc
1050,concrete
1051,soft_pvc
1052,wood
1053,fine_concrete
1054,soft_pvc
1055,soft_tiles
1056,soft_pvc
1057,concrete
1058,concrete
1059,fine_concrete
1060,wood
1061,soft_pvc
1062,hard_tiles_large_space
1063,carpet
1064,concrete
1065,soft_tiles
1066,concrete
1067,tiled
1068,concrete
1069,soft_tiles
1070,hard_tiles_large_space
1071,fine_concrete
1072,soft_pvc
1073,concrete
1074,wood
1075,concrete
1076,wood
1077,concrete
1078,soft_pvc
1079,wood
1080,soft_tiles
1081,hard_tiles_large_space
1082,hard_tiles_large_space
1083,soft_pvc
1084,tiled
1085,tiled
1086,hard_tiles_large_space
1087,soft_pvc
1088,wood
1089,carpet
1090,soft_pvc
1091,wood
1092,tiled
1093,tiled
1094,concrete
1095,concrete
1096,wood
1097,concrete
1098,tiled
1099,concrete
1100,wood
1101,wood
1102,wood
1103,wood
1104,concrete
1105,hard_tiles_large_space
1106,concrete
1107,soft_pvc
1108,carpet
1109,concrete
1110,wood
1111,wood
1112,wood
1113,fine_concrete
1114,wood
1115,wood
1116,fine_concrete
1117,soft_pvc
1118,fine_concrete
1119,concrete
1120,tiled
1121,soft_pvc
1122,hard_tiles_large_space
1123,soft_pvc
1124,tiled
1125,wood
1126,concrete
1127,hard_tiles_large_space
1128,soft_tiles
1129,concrete
1130,soft_tiles
1131,wood
1132,concrete
1133,concrete
1134,soft_pvc
1135,soft_pvc
1136,tiled
1137,wood
1138,soft_tiles
1139,concrete
1140,wood
1141,concrete
1142,concrete
1143,soft_pvc
1144,wood
1145,concrete
1146,concrete
1147,soft_tiles
1148,concrete
1149,concrete
1150,fine_concrete
1151,concrete
1152,concrete
1153,wood
1154,carpet
1155,concrete
1156,soft_pvc
1157,tiled
1158,concrete
1159,carpet
1160,concrete
1161,concrete
1162,concrete
1163,tiled
1164,soft_pvc
1165,wood
1166,soft_pvc
1167,fine_concrete
1168,soft_pvc
1169,wood
1170,concrete
1171,soft_pvc
1172,hard_tiles_large_space
1173,fine_concrete
1174,soft_pvc
1175,concrete
1176,hard_tiles_large_space
1177,soft_pvc
1178,tiled
1179,tiled
1180,concrete
1181,fine_concrete
1182,wood
1183,fine_concrete
1184,concrete
1185,hard_tiles_large_space
1186,tiled
1187,concrete
1188,tiled
1189,wood
1190,hard_tiles_large_space
1191,soft_tiles
1192,tiled
1193,soft_tiles
1194,wood
1195,soft_pvc
1196,fine_concrete
1197,soft_pvc
1198,wood
1199,wood
1200,fine_concrete
1201,concrete
1202,fine_concrete
1203,concrete
1204,soft_pvc
1205,wood
1206,soft_pvc
1207,soft_tiles
1208,concrete
1209,hard_tiles_large_space
1210,concrete
1211,tiled
1212,carpet
1213,soft_tiles
1214,hard_tiles_large_space
1215,soft_pvc
1216,hard_tiles_large_space
1217,hard_tiles_large_space
1218,carpet
1219,wood
1220,soft_pvc
1221,tiled
1222,wood
1223,soft_pvc
1224,soft_tiles
1225,soft_pvc
1226,wood
1227,soft_pvc
1228,wood
1229,fine_concrete
1230,wood
1231,concrete
1232,soft_pvc
1233,wood
1234,concrete
1235,wood
1236,fine_concrete
1237,tiled
1238,concrete
1239,tiled
1240,concrete
1241,wood
1242,concrete
1243,concrete
1244,soft_pvc
1245,tiled
1246,wood
1247,tiled
1248,concrete
1249,concrete
1250,soft_pvc
1251,concrete
1252,hard_tiles_large_space
1253,wood
1254,soft_pvc
1255,concrete
1256,soft_pvc
1257,wood
1258,fine_concrete
1259,tiled
1260,wood
1261,hard_tiles_large_space
1262,carpet
1263,soft_pvc
1264,concrete
1265,wood
1266,hard_tiles_large_space
1267,soft_pvc
1268,soft_pvc
1269,concrete
1270,wood
1271,tiled
1272,wood
1273,carpet
1274,soft_pvc
1275,fine_concrete
1276,wood
1277,concrete
1278,hard_tiles_large_space
1279,wood
1280,concrete
1281,concrete
1282,concrete
1283,hard_tiles
1284,soft_pvc
1285,soft_pvc
1286,tiled
1287,concrete
1288,soft_tiles
1289,soft_pvc
1290,concrete
1291,wood
1292,fine_concrete
1293,concrete
1294,hard_tiles_large_space
1295,tiled
1296,hard_tiles_large_space
1297,concrete
1298,concrete
1299,soft_tiles
1300,concrete
1301,fine_concrete
1302,carpet
1303,soft_pvc
1304,concrete
1305,soft_tiles
1306,concrete
1307,concrete
1308,soft_pvc
1309,tiled
1310,concrete
1311,fine_concrete
1312,concrete
1313,fine_concrete
1314,soft_pvc
1315,wood
1316,concrete
1317,soft_pvc
1318,concrete
1319,wood
1320,tiled
1321,carpet
1322,hard_tiles_large_space
1323,soft_tiles
1324,soft_pvc
1325,concrete
1326,concrete
1327,soft_pvc
1328,soft_pvc
1329,concrete
1330,tiled
1331,soft_tiles
1332,carpet
1333,concrete
1334,concrete
1335,hard_tiles_large_space
1336,hard_tiles_large_space
1337,carpet
1338,wood
1339,soft_pvc
1340,fine_concrete
1341,soft_tiles
1342,wood
1343,wood
1344,fine_concrete
1345,fine_concrete
1346,soft_pvc
1347,soft_pvc
1348,tiled
1349,hard_tiles_large_space
1350,hard_tiles_large_space
1351,concrete
1352,fine_concrete
1353,wood
1354,soft_tiles
1355,concrete
1356,carpet
1357,soft_pvc
1358,soft_tiles
1359,concrete
1360,carpet
1361,hard_tiles_large_space
1362,hard_tiles_large_space
1363,soft_pvc
1364,concrete
1365,tiled
1366,carpet
1367,soft_tiles
1368,tiled
1369,hard_tiles
1370,soft_pvc
1371,fine_concrete
1372,wood
1373,soft_tiles
1374,soft_tiles
1375,hard_tiles_large_space
1376,concrete
1377,hard_tiles_large_space
1378,hard_tiles_large_space
1379,concrete
1380,hard_tiles_large_space
1381,tiled
1382,concrete
1383,hard_tiles_large_space
1384,concrete
1385,wood
1386,hard_tiles_large_space
1387,fine_concrete
1388,wood
1389,concrete
1390,fine_concrete
1391,concrete
1392,fine_concrete
1393,fine_concrete
1394,fine_concrete
1395,concrete
1396,concrete
1397,concrete
1398,wood
1399,wood
1400,concrete
1401,concrete
1402,wood
1403,soft_pvc
1404,wood
1405,hard_tiles_large_space
1406,soft_pvc
1407,wood
1408,tiled
1409,hard_tiles
1410,concrete
1411,soft_pvc
1412,concrete
1413,soft_pvc
1414,soft_pvc
1415,soft_tiles
1416,fine_concrete
1417,wood
1418,fine_concrete
1419,tiled
1420,soft_pvc
1421,wood
1422,carpet
1423,soft_pvc
1424,concrete
1425,soft_pvc
1426,soft_tiles
1427,hard_tiles_large_space
1428,soft_tiles
1429,soft_tiles
1430,carpet
1431,concrete
1432,concrete
1433,wood
1434,soft_pvc
1435,soft_tiles
1436,tiled
1437,fine_concrete
1438,concrete
1439,wood
1440,wood
1441,fine_concrete
1442,soft_pvc
1443,tiled
1444,soft_pvc
1445,wood
1446,tiled
1447,concrete
1448,hard_tiles_large_space
1449,fine_concrete
1450,concrete
1451,wood
1452,soft_pvc
1453,concrete
1454,wood
1455,carpet
1456,fine_concrete
1457,tiled
1458,concrete
1459,concrete
1460,carpet
1461,soft_pvc
1462,concrete
1463,soft_pvc
1464,hard_tiles_large_space
1465,tiled
1466,tiled
1467,wood
1468,soft_pvc
1469,wood
1470,wood
1471,concrete
1472,soft_pvc
1473,concrete
1474,concrete
1475,concrete
1476,fine_concrete
1477,hard_tiles_large_space
1478,soft_pvc
1479,concrete
1480,concrete
1481,fine_concrete
1482,concrete
1483,concrete
1484,wood
1485,soft_pvc
1486,soft_pvc
1487,tiled
1488,tiled
1489,soft_tiles
1490,soft_pvc
1491,concrete
1492,soft_pvc
1493,wood
1494,concrete
1495,wood
1496,wood
1497,tiled
1498,tiled
1499,concrete
1500,soft_pvc
1501,concrete
1502,soft_pvc
1503,concrete
1504,fine_concrete
1505,wood
1506,wood
1507,soft_pvc
1508,wood
1509,wood
1510,concrete
1511,tiled
1512,hard_tiles_large_space
1513,hard_tiles
1514,wood
1515,soft_pvc
1516,carpet
1517,soft_tiles
1518,soft_pvc
1519,wood
1520,soft_tiles
1521,wood
1522,wood
1523,wood
1524,fine_concrete
1525,wood
1526,concrete
1527,hard_tiles_large_space
1528,wood
1529,soft_pvc
1530,soft_tiles
1531,wood
1532,concrete
1533,soft_tiles
1534,concrete
1535,soft_tiles
1536,hard_tiles_large_space
1537,soft_pvc
1538,hard_tiles_large_space
1539,concrete
1540,tiled
1541,concrete
1542,wood
1543,wood
1544,soft_tiles
1545,soft_tiles
1546,tiled
1547,fine_concrete
1548,soft_tiles
1549,tiled
1550,wood
1551,concrete
1552,soft_tiles
1553,fine_concrete
1554,fine_concrete
1555,tiled
1556,concrete
1557,hard_tiles_large_space
1558,concrete
1559,hard_tiles
1560,wood
1561,soft_tiles
1562,hard_tiles_large_space
1563,concrete
1564,wood
1565,hard_tiles_large_space
1566,wood
1567,hard_tiles_large_space
1568,wood
1569,fine_concrete
1570,concrete
1571,concrete
1572,soft_tiles
1573,concrete
1574,tiled
1575,soft_tiles
1576,soft_tiles
1577,hard_tiles_large_space
1578,tiled
1579,concrete
1580,soft_tiles
1581,soft_pvc
1582,carpet
1583,carpet
1584,concrete
1585,tiled
1586,wood
1587,carpet
1588,concrete
1589,concrete
1590,tiled
1591,wood
1592,wood
1593,wood
1594,wood
1595,concrete
1596,tiled
1597,soft_pvc
1598,wood
1599,tiled
1600,wood
1601,tiled
1602,soft_tiles
1603,soft_tiles
1604,soft_pvc
1605,soft_pvc
1606,tiled
1607,concrete
1608,hard_tiles_large_space
1609,wood
1610,concrete
1611,soft_pvc
1612,concrete
1613,wood
1614,wood
1615,soft_tiles
1616,wood
1617,carpet
1618,soft_pvc
1619,soft_pvc
1620,fine_concrete
1621,hard_tiles_large_space
1622,tiled
1623,soft_tiles
1624,soft_tiles
1625,soft_pvc
1626,soft_tiles
1627,concrete
1628,hard_tiles_large_space
1629,hard_tiles_large_space
1630,wood
1631,soft_tiles
1632,concrete
1633,wood
1634,concrete
1635,hard_tiles_large_space
1636,wood
1637,soft_pvc
1638,fine_concrete
1639,soft_pvc
1640,wood
1641,soft_pvc
1642,soft_pvc
1643,fine_concrete
1644,hard_tiles_large_space
1645,wood
1646,soft_tiles
1647,tiled
1648,wood
1649,fine_concrete
1650,wood
1651,hard_tiles_large_space
1652,hard_tiles_large_space
1653,soft_pvc
1654,wood
1655,fine_concrete
1656,soft_tiles
1657,concrete
1658,soft_pvc
1659,wood
1660,soft_pvc
1661,soft_pvc
1662,concrete
1663,tiled
1664,fine_concrete
1665,soft_pvc
1666,fine_concrete
1667,concrete
1668,fine_concrete
1669,carpet
1670,hard_tiles_large_space
1671,concrete
1672,hard_tiles_large_space
1673,soft_pvc
1674,wood
1675,soft_pvc
1676,concrete
1677,soft_tiles
1678,wood
1679,concrete
1680,wood
1681,fine_concrete
1682,tiled
1683,concrete
1684,tiled
1685,tiled
1686,concrete
1687,concrete
1688,hard_tiles
1689,concrete
1690,hard_tiles_large_space
1691,soft_tiles
1692,soft_pvc
1693,tiled
1694,wood
1695,soft_tiles
1696,concrete
1697,fine_concrete
1698,hard_tiles_large_space
1699,fine_concrete
1700,concrete
1701,hard_tiles_large_space
1702,soft_pvc
1703,tiled
1704,soft_tiles
1705,concrete
1706,soft_pvc
1707,fine_concrete
1708,soft_pvc
1709,hard_tiles_large_space
1710,concrete
1711,soft_pvc
1712,concrete
1713,hard_tiles_large_space
1714,soft_pvc
1715,tiled
1716,soft_pvc
1717,soft_tiles
1718,wood
1719,soft_tiles
1720,tiled
1721,hard_tiles_large_space
1722,fine_concrete
1723,wood
1724,tiled
1725,soft_tiles
1726,tiled
1727,soft_pvc
1728,soft_tiles
1729,concrete
1730,tiled
1731,wood
1732,tiled
1733,tiled
1734,fine_concrete
1735,concrete
1736,soft_tiles
1737,soft_pvc
1738,concrete
1739,concrete
1740,fine_concrete
1741,concrete
1742,concrete
1743,soft_pvc
1744,tiled
1745,concrete
1746,wood
1747,soft_tiles
1748,fine_concrete
1749,wood
1750,soft_pvc
1751,wood
1752,concrete
1753,hard_tiles_large_space
1754,concrete
1755,tiled
1756,concrete
1757,wood
1758,tiled
1759,soft_pvc
1760,fine_concrete
1761,fine_concrete
1762,wood
1763,soft_pvc
1764,tiled
1765,concrete
1766,tiled
1767,concrete
1768,soft_pvc
1769,concrete
1770,soft_pvc
1771,concrete
1772,tiled
1773,wood
1774,soft_tiles
1775,soft_pvc
1776,carpet
1777,concrete
1778,concrete
1779,tiled
1780,wood
1781,concrete
1782,wood
1783,soft_tiles
1784,fine_concrete
1785,wood
1786,hard_tiles
1787,soft_pvc
1788,tiled
1789,soft_tiles
1790,soft_tiles
1791,carpet
1792,fine_concrete
1793,soft_pvc
1794,soft_pvc
1795,hard_tiles_large_space
1796,concrete
1797,tiled
1798,concrete
1799,wood
1800,concrete
1801,soft_pvc
1802,soft_pvc
1803,wood
1804,concrete
1805,wood
1806,concrete
1807,soft_tiles
1808,wood
1809,tiled
1810,fine_concrete
1811,wood
1812,soft_pvc
1813,concrete
1814,concrete
1815,wood
1816,soft_tiles
1817,wood
1818,soft_pvc
1819,fine_concrete
1820,concrete
1821,wood
1822,soft_tiles
1823,wood
1824,wood
1825,soft_pvc
1826,wood
1827,soft_pvc
1828,soft_tiles
1829,concrete
1830,concrete
1831,hard_tiles_large_space
1832,wood
1833,fine_concrete
1834,fine_concrete
1835,tiled
1836,concrete
1837,hard_tiles_large_space
1838,soft_tiles
1839,concrete
1840,wood
1841,fine_concrete
1842,soft_pvc
1843,wood
1844,concrete
1845,soft_tiles
1846,tiled
1847,concrete
1848,hard_tiles_large_space
1849,soft_pvc
1850,tiled
1851,concrete
1852,fine_concrete
1853,wood
1854,tiled
1855,soft_pvc
1856,fine_concrete
1857,soft_tiles
1858,soft_tiles
1859,concrete
1860,concrete
1861,concrete
1862,tiled
1863,tiled
1864,fine_concrete
1865,concrete
1866,soft_pvc
1867,soft_pvc
1868,carpet
1869,tiled
1870,wood
1871,hard_tiles
1872,concrete
1873,tiled
1874,fine_concrete
1875,wood
1876,soft_tiles
1877,soft_pvc
1878,soft_tiles
1879,wood
1880,concrete
1881,tiled
1882,soft_pvc
1883,soft_pvc
1884,wood
1885,tiled
1886,wood
1887,tiled
1888,soft_pvc
1889,concrete
1890,wood
1891,fine_concrete
1892,tiled
1893,wood
1894,carpet
1895,tiled
1896,concrete
1897,wood
1898,concrete
1899,tiled
1900,soft_pvc
1901,wood
1902,wood
1903,concrete
1904,tiled
1905,wood
1906,wood
1907,wood
1908,tiled
1909,soft_tiles
1910,wood
1911,hard_tiles_large_space
1912,hard_tiles_large_space
1913,hard_tiles_large_space
1914,soft_pvc
1915,soft_pvc
1916,wood
1917,wood
1918,concrete
1919,soft_pvc
1920,concrete
1921,concrete
1922,wood
1923,concrete
1924,fine_concrete
1925,concrete
1926,concrete
1927,tiled
1928,tiled
1929,fine_concrete
1930,concrete
1931,concrete
1932,carpet
1933,tiled
1934,concrete
1935,wood
1936,wood
1937,soft_pvc
1938,tiled
1939,soft_tiles
1940,wood
1941,soft_tiles
1942,concrete
1943,soft_pvc
1944,hard_tiles_large_space
1945,wood
1946,soft_tiles
1947,concrete
1948,concrete
1949,wood
1950,soft_pvc
1951,soft_pvc
1952,wood
1953,hard_tiles_large_space
1954,wood
1955,hard_tiles_large_space
1956,fine_concrete
1957,concrete
1958,fine_concrete
1959,soft_tiles
1960,concrete
1961,soft_pvc
1962,concrete
1963,soft_pvc
1964,concrete
1965,concrete
1966,tiled
1967,fine_concrete
1968,soft_pvc
1969,wood
1970,wood
1971,wood
1972,concrete
1973,hard_tiles_large_space
1974,wood
1975,soft_tiles
1976,wood
1977,tiled
1978,tiled
1979,carpet
1980,soft_tiles
1981,concrete
1982,soft_pvc
1983,tiled
1984,concrete
1985,carpet
1986,soft_pvc
1987,wood
1988,soft_pvc
1989,tiled
1990,wood
1991,carpet
1992,soft_pvc
1993,concrete
1994,tiled
1995,wood
1996,concrete
1997,wood
1998,wood
1999,concrete
2000,soft_pvc
2001,hard_tiles_large_space
2002,concrete
2003,soft_tiles
2004,concrete
2005,fine_concrete
2006,soft_pvc
2007,concrete
2008,soft_pvc
2009,soft_tiles
2010,soft_pvc
2011,tiled
2012,soft_pvc
2013,carpet
2014,soft_pvc
2015,concrete
2016,wood
2017,soft_tiles
2018,wood
2019,soft_pvc
2020,soft_pvc
2021,soft_pvc
2022,carpet
2023,soft_pvc
2024,soft_tiles
2025,fine_concrete
2026,tiled
2027,hard_tiles_large_space
2028,fine_concrete
2029,soft_pvc
2030,fine_concrete
2031,wood
2032,wood
2033,concrete
2034,fine_concrete
2035,soft_pvc
2036,concrete
2037,soft_pvc
2038,wood
2039,tiled
2040,concrete
2041,soft_pvc
2042,concrete
2043,concrete
2044,tiled
2045,tiled
2046,soft_pvc
2047,tiled
2048,fine_concrete
2049,concrete
2050,tiled
2051,soft_pvc
2052,concrete
2053,soft_tiles
2054,wood
2055,wood
2056,soft_pvc
2057,wood
2058,concrete
2059,concrete
2060,concrete
2061,wood
2062,concrete
2063,soft_pvc
2064,wood
2065,soft_pvc
2066,concrete
2067,soft_pvc
2068,concrete
2069,concrete
2070,concrete
2071,soft_pvc
2072,concrete
2073,fine_concrete
2074,soft_pvc
2075,concrete
2076,concrete
2077,hard_tiles_large_space
2078,wood
2079,wood
2080,tiled
2081,soft_tiles
2082,wood
2083,concrete
2084,wood
2085,concrete
2086,soft_tiles
2087,wood
2088,fine_concrete
2089,fine_concrete
2090,concrete
2091,wood
2092,concrete
2093,soft_pvc
2094,wood
2095,soft_tiles
2096,wood
2097,wood
2098,soft_pvc
2099,hard_tiles_large_space
2100,concrete
2101,tiled
2102,concrete
2103,fine_concrete
2104,carpet
2105,soft_pvc
2106,soft_pvc
2107,hard_tiles_large_space
2108,concrete
2109,concrete
2110,concrete
2111,soft_pvc
2112,concrete
2113,soft_tiles
2114,soft_tiles
2115,wood
2116,tiled
2117,concrete
2118,concrete
2119,soft_tiles
2120,tiled
2121,wood
2122,soft_tiles
2123,soft_pvc
2124,soft_pvc
2125,soft_tiles
2126,fine_concrete
2127,concrete
2128,tiled
2129,tiled
2130,soft_pvc
2131,carpet
2132,concrete
2133,hard_tiles_large_space
2134,hard_tiles_large_space
2135,soft_pvc
2136,hard_tiles_large_space
2137,soft_tiles
2138,concrete
2139,tiled
2140,tiled
2141,soft_pvc
2142,soft_pvc
2143,fine_concrete
2144,soft_tiles
2145,concrete
2146,wood
2147,soft_tiles
2148,concrete
2149,wood
2150,soft_pvc
2151,fine_concrete
2152,concrete
2153,wood
2154,wood
2155,soft_tiles
2156,wood
2157,wood
2158,soft_tiles
2159,tiled
2160,wood
2161,soft_pvc
2162,concrete
2163,hard_tiles_large_space
2164,concrete
2165,tiled
2166,soft_pvc
2167,concrete
2168,soft_tiles
2169,tiled
2170,carpet
2171,wood
2172,soft_pvc
2173,soft_tiles
2174,wood
2175,wood
2176,concrete
2177,concrete
2178,soft_tiles
2179,tiled
2180,concrete
2181,tiled
2182,tiled
2183,wood
2184,concrete
2185,tiled
2186,soft_tiles
2187,wood
2188,soft_tiles
2189,wood
2190,tiled
2191,soft_tiles
2192,concrete
2193,wood
2194,soft_tiles
2195,soft_pvc
2196,soft_pvc
2197,soft_pvc
2198,soft_tiles
2199,fine_concrete
2200,soft_tiles
2201,wood
2202,concrete
2203,concrete
2204,fine_concrete
2205,concrete
2206,wood
2207,wood
2208,wood
2209,fine_concrete
2210,soft_pvc
2211,soft_pvc
2212,concrete
2213,wood
2214,fine_concrete
2215,hard_tiles_large_space
2216,concrete
2217,soft_tiles
2218,wood
2219,concrete
2220,wood
2221,wood
2222,tiled
2223,wood
2224,concrete
2225,concrete
2226,soft_pvc
2227,wood
2228,concrete
2229,wood
2230,concrete
2231,tiled
2232,soft_pvc
2233,soft_pvc
2234,concrete
2235,concrete
2236,soft_tiles
2237,wood
2238,soft_pvc
2239,soft_pvc
2240,wood
2241,wood
2242,concrete
2243,wood
2244,soft_tiles
2245,soft_pvc
2246,concrete
2247,concrete
2248,tiled
2249,concrete
2250,soft_tiles
2251,carpet
2252,fine_concrete
2253,concrete
2254,fine_concrete
2255,fine_concrete
2256,tiled
2257,tiled
2258,soft_tiles
2259,concrete
2260,soft_tiles
2261,concrete
2262,tiled
2263,wood
2264,soft_pvc
2265,hard_tiles_large_space
2266,wood
2267,concrete
2268,carpet
2269,wood
2270,fine_concrete
2271,wood
2272,wood
2273,concrete
2274,concrete
2275,wood
2276,tiled
2277,tiled
2278,wood
2279,concrete
2280,tiled
2281,soft_pvc
2282,soft_pvc
2283,tiled
2284,carpet
2285,concrete
2286,carpet
2287,hard_tiles_large_space
2288,concrete
2289,concrete
2290,concrete
2291,fine_concrete
2292,soft_pvc
2293,hard_tiles_large_space
2294,wood
2295,tiled
2296,wood
2297,soft_tiles
2298,wood
2299,wood
2300,soft_pvc
2301,fine_concrete
2302,concrete
2303,soft_pvc
2304,soft_pvc
2305,concrete
2306,fine_concrete
2307,hard_tiles_large_space
2308,fine_concrete
2309,concrete
2310,wood
2311,concrete
2312,soft_pvc
2313,wood
2314,fine_concrete
2315,wood
2316,wood
2317,fine_concrete
2318,concrete
2319,fine_concrete
2320,soft_pvc
2321,wood
2322,wood
2323,wood
2324,hard_tiles_large_space
2325,tiled
2326,hard_tiles_large_space
2327,soft_tiles
2328,carpet
2329,wood
2330,soft_pvc
2331,fine_concrete
2332,soft_pvc
2333,soft_pvc
2334,concrete
2335,wood
2336,concrete
2337,soft_tiles
2338,fine_concrete
2339,wood
2340,concrete
2341,concrete
2342,wood
2343,hard_tiles_large_space
2344,concrete
2345,wood
2346,concrete
2347,soft_pvc
2348,concrete
2349,tiled
2350,soft_tiles
2351,concrete
2352,soft_tiles
2353,wood
2354,soft_tiles
2355,soft_tiles
2356,soft_pvc
2357,soft_pvc
2358,wood
2359,wood
2360,concrete
2361,wood
2362,hard_tiles_large_space
2363,fine_concrete
2364,wood
2365,soft_pvc
2366,soft_pvc
2367,carpet
2368,wood
2369,soft_pvc
2370,soft_tiles
2371,soft_pvc
2372,soft_pvc
2373,concrete
2374,soft_tiles
2375,soft_pvc
2376,fine_concrete
2377,concrete
2378,concrete
2379,fine_concrete
2380,tiled
2381,soft_tiles
2382,tiled
2383,soft_pvc
2384,hard_tiles_large_space
2385,concrete
2386,tiled
2387,hard_tiles_large_space
2388,fine_concrete
2389,soft_pvc
2390,soft_pvc
2391,soft_pvc
2392,soft_tiles
2393,carpet
2394,soft_pvc
2395,soft_pvc
2396,concrete
2397,concrete
2398,fine_concrete
2399,soft_pvc
2400,wood
2401,concrete
2402,soft_pvc
2403,carpet
2404,hard_tiles_large_space
2405,tiled
2406,wood
2407,hard_tiles
2408,tiled
2409,concrete
2410,soft_pvc
2411,concrete
2412,tiled
2413,concrete
2414,carpet
2415,wood
2416,tiled
2417,tiled
2418,soft_pvc
2419,hard_tiles_large_space
2420,carpet
2421,fine_concrete
2422,tiled
2423,soft_tiles
2424,soft_tiles
2425,concrete
2426,fine_concrete
2427,tiled
2428,fine_concrete
2429,wood
2430,wood
2431,hard_tiles_large_space
2432,hard_tiles_large_space
2433,concrete
2434,fine_concrete
2435,soft_tiles
2436,concrete
2437,tiled
2438,soft_pvc
2439,soft_pvc
2440,concrete
2441,carpet
2442,hard_tiles_large_space
2443,fine_concrete
2444,hard_tiles_large_space
2445,soft_pvc
2446,concrete
2447,hard_tiles
2448,concrete
2449,wood
2450,concrete
2451,wood
2452,soft_pvc
2453,concrete
2454,concrete
2455,fine_concrete
2456,concrete
2457,concrete
2458,soft_tiles
2459,soft_pvc
2460,hard_tiles_large_space
2461,wood
2462,wood
2463,concrete
2464,wood
2465,carpet
2466,carpet
2467,soft_pvc
2468,fine_concrete
2469,fine_concrete
2470,wood
2471,hard_tiles_large_space
2472,soft_pvc
2473,hard_tiles_large_space
2474,soft_pvc
2475,wood
2476,tiled
2477,concrete
2478,concrete
2479,wood
2480,concrete
2481,soft_tiles
2482,carpet
2483,wood
2484,carpet
2485,hard_tiles_large_space
2486,fine_concrete
2487,wood
2488,concrete
2489,hard_tiles_large_space
2490,concrete
2491,concrete
2492,fine_concrete
2493,concrete
2494,concrete
2495,concrete
2496,soft_pvc
2497,fine_concrete
2498,wood
2499,concrete
2500,carpet
2501,concrete
2502,soft_tiles
2503,wood
2504,soft_pvc
2505,wood
2506,concrete
2507,concrete
2508,concrete
2509,concrete
2510,wood
2511,concrete
2512,concrete
2513,soft_tiles
2514,concrete
2515,carpet
2516,carpet
2517,wood
2518,wood
2519,hard_tiles_large_space
2520,soft_tiles
2521,fine_concrete
2522,soft_pvc
2523,soft_pvc
2524,soft_pvc
2525,wood
2526,carpet
2527,hard_tiles_large_space
2528,wood
2529,soft_tiles
2530,wood
2531,soft_tiles
2532,fine_concrete
2533,hard_tiles_large_space
2534,concrete
2535,concrete
2536,wood
2537,soft_tiles
2538,soft_tiles
2539,soft_tiles
2540,concrete
2541,concrete
2542,wood
2543,hard_tiles_large_space
2544,tiled
2545,concrete
2546,hard_tiles_large_space
2547,concrete
2548,wood
2549,wood
2550,wood
2551,soft_tiles
2552,wood
2553,concrete
2554,tiled
2555,carpet
2556,tiled
2557,hard_tiles_large_space
2558,wood
2559,hard_tiles_large_space
2560,hard_tiles_large_space
2561,wood
2562,concrete
2563,fine_concrete
2564,tiled
2565,soft_pvc
2566,concrete
2567,wood
2568,concrete
2569,concrete
2570,concrete
2571,soft_pvc
2572,fine_concrete
2573,fine_concrete
2574,concrete
2575,wood
2576,soft_tiles
2577,wood
2578,wood
2579,soft_pvc
2580,fine_concrete
2581,tiled
2582,concrete
2583,concrete
2584,wood
2585,soft_tiles
2586,hard_tiles_large_space
2587,concrete
2588,concrete
2589,soft_pvc
2590,soft_tiles
2591,fine_concrete
2592,soft_pvc
2593,soft_tiles
2594,tiled
2595,soft_tiles
2596,fine_concrete
2597,tiled
2598,fine_concrete
2599,concrete
2600,soft_pvc
2601,concrete
2602,carpet
2603,tiled
2604,hard_tiles
2605,concrete
2606,soft_pvc
2607,concrete
2608,concrete
2609,hard_tiles_large_space
2610,concrete
2611,concrete
2612,soft_pvc
2613,concrete
2614,soft_pvc
2615,wood
2616,soft_pvc
2617,wood
2618,fine_concrete
2619,wood
2620,soft_pvc
2621,concrete
2622,soft_pvc
2623,hard_tiles_large_space
2624,wood
2625,soft_pvc
2626,soft_pvc
2627,concrete
2628,soft_pvc
2629,wood
2630,concrete
2631,carpet
2632,hard_tiles_large_space
2633,soft_pvc
2634,concrete
2635,concrete
2636,wood
2637,concrete
2638,concrete
2639,soft_pvc
2640,soft_pvc
2641,fine_concrete
2642,carpet
2643,tiled
2644,fine_concrete
2645,wood
2646,fine_concrete
2647,wood
2648,concrete
2649,soft_pvc
2650,tiled
2651,soft_pvc
2652,wood
2653,wood
2654,soft_pvc
2655,tiled
2656,concrete
2657,soft_pvc
2658,hard_tiles_large_space
2659,soft_tiles
2660,soft_pvc
2661,soft_tiles
2662,wood
2663,soft_pvc
2664,soft_pvc
2665,wood
2666,soft_pvc
2667,soft_pvc
2668,concrete
2669,soft_pvc
2670,concrete
2671,hard_tiles_large_space
2672,concrete
2673,soft_pvc
2674,wood
2675,concrete
2676,wood
2677,soft_pvc
2678,hard_tiles_large_space
2679,soft_pvc
2680,wood
2681,carpet
2682,wood
2683,fine_concrete
2684,concrete
2685,tiled
2686,soft_pvc
2687,tiled
2688,soft_tiles
2689,wood
2690,concrete
2691,concrete
2692,soft_pvc
2693,soft_pvc
2694,wood
2695,tiled
2696,tiled
2697,hard_tiles_large_space
2698,soft_pvc
2699,wood
2700,tiled
2701,fine_concrete
2702,carpet
2703,soft_tiles
2704,hard_tiles_large_space
2705,soft_pvc
2706,concrete
2707,wood
2708,hard_tiles_large_space
2709,soft_pvc
2710,soft_pvc
2711,tiled
2712,tiled
2713,soft_pvc
2714,concrete
2715,fine_concrete
2716,tiled
2717,concrete
2718,tiled
2719,carpet
2720,soft_tiles
2721,tiled
2722,wood
2723,carpet
2724,wood
2725,fine_concrete
2726,concrete
2727,hard_tiles
2728,wood
2729,tiled
2730,wood
2731,tiled
2732,concrete
2733,soft_pvc
2734,hard_tiles_large_space
2735,concrete
2736,hard_tiles_large_space
2737,concrete
2738,soft_pvc
2739,hard_tiles_large_space
2740,concrete
2741,wood
2742,wood
2743,concrete
2744,wood
2745,concrete
2746,hard_tiles_large_space
2747,concrete
2748,hard_tiles_large_space
2749,wood
2750,soft_pvc
2751,concrete
2752,concrete
2753,wood
2754,concrete
2755,concrete
2756,tiled
2757,soft_pvc
2758,concrete
2759,soft_pvc
2760,tiled
2761,soft_tiles
2762,soft_pvc
2763,hard_tiles_large_space
2764,soft_tiles
2765,concrete
2766,concrete
2767,soft_pvc
2768,hard_tiles_large_space
2769,concrete
2770,hard_tiles_large_space
2771,hard_tiles_large_space
2772,soft_pvc
2773,wood
2774,tiled
2775,wood
2776,soft_tiles
2777,soft_pvc
2778,concrete
2779,hard_tiles_large_space
2780,fine_concrete
2781,soft_pvc
2782,hard_tiles_large_space
2783,tiled
2784,fine_concrete
2785,tiled
2786,soft_pvc
2787,soft_pvc
2788,hard_tiles_large_space
2789,fine_concrete
2790,hard_tiles_large_space
2791,wood
2792,soft_tiles
2793,carpet
2794,soft_tiles
2795,wood
2796,concrete
2797,soft_pvc
2798,soft_tiles
2799,hard_tiles_large_space
2800,hard_tiles
2801,concrete
2802,wood
2803,fine_concrete
2804,concrete
2805,hard_tiles_large_space
2806,concrete
2807,concrete
2808,carpet
2809,soft_tiles
2810,fine_concrete
2811,concrete
2812,tiled
2813,soft_tiles
2814,concrete
2815,soft_pvc
2816,carpet
2817,concrete
2818,fine_concrete
2819,carpet
2820,wood
2821,concrete
2822,soft_pvc
2823,soft_pvc
2824,concrete
2825,carpet
2826,soft_tiles
2827,soft_pvc
2828,soft_tiles
2829,tiled
2830,concrete
2831,tiled
2832,soft_pvc
2833,concrete
2834,tiled
2835,soft_pvc
2836,soft_tiles
2837,soft_pvc
2838,soft_tiles
2839,soft_pvc
2840,wood
2841,soft_pvc
2842,fine_concrete
2843,concrete
2844,wood
2845,fine_concrete
2846,wood
2847,concrete
2848,concrete
2849,hard_tiles_large_space
2850,wood
2851,wood
2852,soft_pvc
2853,wood
2854,concrete
2855,soft_pvc
2856,concrete
2857,fine_concrete
2858,concrete
2859,wood
2860,soft_pvc
2861,wood
2862,hard_tiles_large_space
2863,concrete
2864,wood
2865,concrete
2866,soft_tiles
2867,fine_concrete
2868,soft_pvc
2869,carpet
2870,hard_tiles
2871,concrete
2872,concrete
2873,concrete
2874,fine_concrete
2875,wood
2876,soft_pvc
2877,carpet
2878,concrete
2879,carpet
2880,soft_tiles
2881,fine_concrete
2882,concrete
2883,wood
2884,concrete
2885,wood
2886,fine_concrete
2887,hard_tiles
2888,soft_pvc
2889,soft_pvc
2890,soft_tiles
2891,wood
2892,wood
2893,hard_tiles_large_space
2894,wood
2895,wood
2896,carpet
2897,soft_tiles
2898,wood
2899,concrete
2900,soft_pvc
2901,soft_tiles
2902,concrete
2903,concrete
2904,wood
2905,soft_pvc
2906,tiled
2907,concrete
2908,wood
2909,wood
2910,carpet
2911,tiled
2912,tiled
2913,wood
2914,tiled
2915,concrete
2916,concrete
2917,concrete
2918,concrete
2919,fine_concrete
2920,soft_tiles
2921,soft_tiles
2922,concrete
2923,soft_pvc
2924,carpet
2925,concrete
2926,wood
2927,soft_tiles
2928,soft_pvc
2929,soft_pvc
2930,tiled
2931,wood
2932,tiled
2933,soft_pvc
2934,soft_pvc
2935,hard_tiles_large_space
2936,fine_concrete
2937,wood
2938,soft_tiles
2939,soft_pvc
2940,tiled
2941,hard_tiles_large_space
2942,hard_tiles_large_space
2943,concrete
2944,wood
2945,concrete
2946,soft_pvc
2947,hard_tiles_large_space
2948,wood
2949,fine_concrete
2950,wood
2951,carpet
2952,hard_tiles
2953,hard_tiles_large_space
2954,hard_tiles_large_space
2955,carpet
2956,concrete
2957,concrete
2958,hard_tiles_large_space
2959,carpet
2960,tiled
2961,hard_tiles_large_space
2962,concrete
2963,soft_pvc
2964,wood
2965,soft_tiles
2966,wood
2967,wood
2968,tiled
2969,hard_tiles_large_space
2970,soft_tiles
2971,soft_pvc
2972,soft_tiles
2973,concrete
2974,wood
2975,wood
2976,concrete
2977,soft_pvc
2978,concrete
2979,soft_pvc
2980,fine_concrete
2981,concrete
2982,wood
2983,concrete
2984,soft_pvc
2985,soft_pvc
2986,concrete
2987,carpet
2988,concrete
2989,soft_pvc
2990,concrete
2991,concrete
2992,hard_tiles_large_space
2993,soft_pvc
2994,soft_pvc
2995,wood
2996,tiled
2997,tiled
2998,concrete
2999,soft_pvc
3000,wood
3001,soft_pvc
3002,fine_concrete
3003,tiled
3004,wood
3005,fine_concrete
3006,fine_concrete
3007,soft_pvc
3008,soft_tiles
3009,soft_pvc
3010,wood
3011,soft_tiles
3012,carpet
3013,wood
3014,concrete
3015,concrete
3016,soft_tiles
3017,tiled
3018,fine_concrete
3019,soft_pvc
3020,wood
3021,concrete
3022,tiled
3023,soft_tiles
3024,soft_pvc
3025,soft_pvc
3026,wood
3027,fine_concrete
3028,soft_tiles
3029,soft_pvc
3030,soft_tiles
3031,concrete
3032,concrete
3033,hard_tiles_large_space
3034,hard_tiles_large_space
3035,fine_concrete
3036,carpet
3037,fine_concrete
3038,wood
3039,wood
3040,soft_pvc
3041,concrete
3042,concrete
3043,concrete
3044,concrete
3045,fine_concrete
3046,soft_pvc
3047,fine_concrete
3048,wood
3049,soft_pvc
3050,wood
3051,wood
3052,concrete
3053,concrete
3054,hard_tiles_large_space
3055,tiled
3056,wood
3057,soft_tiles
3058,concrete
3059,soft_pvc
3060,hard_tiles_large_space
3061,carpet
3062,soft_tiles
3063,tiled
3064,wood
3065,hard_tiles_large_space
3066,concrete
3067,tiled
3068,concrete
3069,soft_pvc
3070,fine_concrete
3071,concrete
3072,concrete
3073,wood
3074,soft_pvc
3075,concrete
3076,wood
3077,tiled
3078,concrete
3079,soft_pvc
3080,wood
3081,tiled
3082,tiled
3083,soft_pvc
3084,soft_tiles
3085,fine_concrete
3086,wood
3087,carpet
3088,soft_pvc
3089,hard_tiles_large_space
3090,soft_pvc
3091,carpet
3092,wood
3093,wood
3094,concrete
3095,wood
3096,wood
3097,hard_tiles_large_space
3098,soft_pvc
3099,soft_pvc
3100,wood
3101,concrete
3102,soft_tiles
3103,soft_pvc
3104,wood
3105,carpet
3106,wood
3107,fine_concrete
3108,soft_pvc
3109,soft_tiles
3110,soft_pvc
3111,fine_concrete
3112,soft_tiles
3113,wood
3114,wood
3115,concrete
3116,wood
3117,concrete
3118,concrete
3119,hard_tiles_large_space
3120,concrete
3121,wood
3122,hard_tiles_large_space
3123,wood
3124,hard_tiles_large_space
3125,concrete
3126,wood
3127,wood
3128,wood
3129,fine_concrete
3130,hard_tiles_large_space
3131,concrete
3132,tiled
3133,soft_pvc
3134,tiled
3135,concrete
3136,concrete
3137,concrete
3138,wood
3139,soft_tiles
3140,wood
3141,soft_pvc
3142,hard_tiles_large_space
3143,wood
3144,fine_concrete
3145,soft_pvc
3146,wood
3147,concrete
3148,fine_concrete
3149,soft_pvc
3150,fine_concrete
3151,soft_pvc
3152,tiled
3153,fine_concrete
3154,soft_tiles
3155,wood
3156,hard_tiles_large_space
3157,concrete
3158,fine_concrete
3159,concrete
3160,concrete
3161,soft_pvc
3162,concrete
3163,hard_tiles_large_space
3164,wood
3165,concrete
3166,soft_tiles
3167,concrete
3168,tiled
3169,soft_pvc
3170,wood
3171,concrete
3172,wood
3173,hard_tiles_large_space
3174,fine_concrete
3175,wood
3176,soft_pvc
3177,hard_tiles_large_space
3178,concrete
3179,concrete
3180,soft_pvc
3181,concrete
3182,soft_pvc
3183,concrete
3184,concrete
3185,wood
3186,fine_concrete
3187,hard_tiles_large_space
3188,soft_tiles
3189,concrete
3190,fine_concrete
3191,tiled
3192,wood
3193,fine_concrete
3194,carpet
3195,concrete
3196,soft_pvc
3197,soft_pvc
3198,concrete
3199,concrete
3200,concrete
3201,tiled
3202,concrete
3203,concrete
3204,concrete
3205,concrete
3206,concrete
3207,carpet
3208,wood
3209,concrete
3210,soft_pvc
3211,soft_pvc
3212,tiled
3213,concrete
3214,hard_tiles_large_space
3215,soft_pvc
3216,wood
3217,soft_pvc
3218,soft_pvc
3219,tiled
3220,fine_concrete
3221,carpet
3222,soft_tiles
3223,soft_pvc
3224,tiled
3225,soft_tiles
3226,concrete
3227,soft_tiles
3228,soft_pvc
3229,soft_pvc
3230,hard_tiles_large_space
3231,soft_tiles
3232,wood
3233,fine_concrete
3234,concrete
3235,soft_tiles
3236,soft_pvc
3237,hard_tiles_large_space
3238,wood
3239,hard_tiles_large_space
3240,soft_pvc
3241,concrete
3242,soft_pvc
3243,hard_tiles_large_space
3244,concrete
3245,concrete
3246,soft_pvc
3247,concrete
3248,fine_concrete
3249,concrete
3250,soft_tiles
3251,soft_pvc
3252,soft_pvc
3253,concrete
3254,soft_pvc
3255,soft_pvc
3256,wood
3257,wood
3258,wood
3259,wood
3260,wood
3261,concrete
3262,concrete
3263,tiled
3264,concrete
3265,wood
3266,tiled
3267,concrete
3268,wood
3269,wood
3270,tiled
3271,concrete
3272,soft_pvc
3273,hard_tiles_large_space
3274,concrete
3275,soft_pvc
3276,soft_pvc
3277,concrete
3278,wood
3279,wood
3280,concrete
3281,hard_tiles_large_space
3282,wood
3283,concrete
3284,hard_tiles_large_space
3285,hard_tiles
3286,wood
3287,concrete
3288,fine_concrete
3289,fine_concrete
3290,concrete
3291,soft_pvc
3292,concrete
3293,wood
3294,concrete
3295,concrete
3296,soft_pvc
3297,hard_tiles_large_space
3298,concrete
3299,wood
3300,wood
3301,concrete
3302,wood
3303,tiled
3304,tiled
3305,soft_pvc
3306,concrete
3307,concrete
3308,wood
3309,tiled
3310,soft_pvc
3311,soft_pvc
3312,soft_pvc
3313,wood
3314,wood
3315,fine_concrete
3316,concrete
3317,concrete
3318,wood
3319,concrete
3320,wood
3321,soft_tiles
3322,wood
3323,tiled
3324,soft_pvc
3325,tiled
3326,wood
3327,soft_tiles
3328,soft_tiles
3329,carpet
3330,soft_pvc
3331,concrete
3332,concrete
3333,soft_pvc
3334,hard_tiles_large_space
3335,wood
3336,hard_tiles_large_space
3337,soft_pvc
3338,soft_pvc
3339,soft_pvc
3340,soft_pvc
3341,wood
3342,hard_tiles_large_space
3343,fine_concrete
3344,wood
3345,tiled
3346,wood
3347,soft_pvc
3348,concrete
3349,concrete
3350,tiled
3351,soft_pvc
3352,tiled
3353,wood
3354,hard_tiles_large_space
3355,soft_pvc
3356,fine_concrete
3357,wood
3358,concrete
3359,concrete
3360,concrete
3361,fine_concrete
3362,concrete
3363,soft_tiles
3364,soft_pvc
3365,tiled
3366,fine_concrete
3367,wood
3368,soft_tiles
3369,soft_pvc
3370,fine_concrete
3371,fine_concrete
3372,wood
3373,tiled
3374,tiled
3375,wood
3376,soft_pvc
3377,tiled
3378,fine_concrete
3379,soft_pvc
3380,soft_pvc
3381,concrete
3382,concrete
3383,soft_pvc
3384,hard_tiles_large_space
3385,concrete
3386,concrete
3387,soft_tiles
3388,soft_pvc
3389,fine_concrete
3390,tiled
3391,fine_concrete
3392,soft_tiles
3393,wood
3394,fine_concrete
3395,tiled
3396,soft_pvc
3397,wood
3398,concrete
3399,wood
3400,soft_tiles
3401,wood
3402,carpet
3403,wood
3404,tiled
3405,fine_concrete
3406,soft_pvc
3407,hard_tiles
3408,tiled
3409,fine_concrete
3410,tiled
3411,soft_pvc
3412,concrete
3413,soft_pvc
3414,concrete
3415,concrete
3416,carpet
3417,concrete
3418,concrete
3419,concrete
3420,wood
3421,tiled
3422,wood
3423,wood
3424,wood
3425,concrete
3426,concrete
3427,carpet
3428,wood
3429,concrete
3430,concrete
3431,concrete
3432,concrete
3433,tiled
3434,hard_tiles_large_space
3435,soft_tiles
3436,carpet
3437,wood
3438,soft_pvc
3439,soft_tiles
3440,carpet
3441,wood
3442,concrete
3443,concrete
3444,tiled
3445,soft_pvc
3446,soft_tiles
3447,hard_tiles_large_space
3448,soft_pvc
3449,wood
3450,soft_pvc
3451,concrete
3452,soft_pvc
3453,wood
3454,wood
3455,fine_concrete
3456,fine_concrete
3457,carpet
3458,hard_tiles_large_space
3459,soft_pvc
3460,wood
3461,concrete
3462,soft_pvc
3463,hard_tiles_large_space
3464,concrete
3465,wood
3466,tiled
3467,soft_pvc
3468,soft_tiles
3469,concrete
3470,wood
3471,wood
3472,concrete
3473,tiled
3474,concrete
3475,hard_tiles_large_space
3476,wood
3477,soft_tiles
3478,soft_pvc
3479,soft_pvc
3480,fine_concrete
3481,concrete
3482,fine_concrete
3483,soft_pvc
3484,wood
3485,concrete
3486,hard_tiles_large_space
3487,soft_pvc
3488,tiled
3489,soft_pvc
3490,carpet
3491,wood
3492,tiled
3493,fine_concrete
3494,wood
3495,tiled
3496,soft_pvc
3497,wood
3498,concrete
3499,soft_tiles
3500,hard_tiles_large_space
3501,wood
3502,wood
3503,hard_tiles_large_space
3504,wood
3505,concrete
3506,fine_concrete
3507,tiled
3508,fine_concrete
3509,fine_concrete
3510,concrete
3511,concrete
3512,hard_tiles_large_space
3513,concrete
3514,hard_tiles_large_space
3515,soft_pvc
3516,wood
3517,concrete
3518,carpet
3519,soft_tiles
3520,soft_pvc
3521,soft_pvc
3522,tiled
3523,soft_tiles
3524,fine_concrete
3525,fine_concrete
3526,fine_concrete
3527,tiled
3528,fine_concrete
3529,wood
3530,wood
3531,wood
3532,fine_concrete
3533,soft_pvc
3534,wood
3535,soft_pvc
3536,tiled
3537,wood
3538,concrete
3539,concrete
3540,fine_concrete
3541,concrete
3542,carpet
3543,soft_pvc
3544,hard_tiles_large_space
3545,soft_pvc
3546,fine_concrete
3547,wood
3548,concrete
3549,soft_tiles
3550,tiled
3551,fine_concrete
3552,soft_tiles
3553,wood
3554,wood
3555,concrete
3556,wood
3557,concrete
3558,soft_tiles
3559,wood
3560,hard_tiles_large_space
3561,concrete
3562,soft_pvc
3563,wood
3564,soft_pvc
3565,soft_tiles
3566,soft_pvc
3567,tiled
3568,soft_pvc
3569,concrete
3570,soft_pvc
3571,soft_tiles
3572,soft_tiles
3573,concrete
3574,concrete
3575,concrete
3576,wood
3577,concrete
3578,soft_tiles
3579,tiled
3580,concrete
3581,concrete
3582,concrete
3583,wood
3584,wood
3585,concrete
3586,soft_pvc
3587,fine_concrete
3588,carpet
3589,hard_tiles_large_space
3590,concrete
3591,concrete
3592,soft_pvc
3593,soft_pvc
3594,concrete
3595,concrete
3596,soft_pvc
3597,fine_concrete
3598,soft_tiles
3599,hard_tiles_large_space
3600,wood
3601,tiled
3602,soft_pvc
3603,wood
3604,concrete
3605,concrete
3606,concrete
3607,soft_pvc
3608,soft_pvc
3609,concrete
3610,carpet
3611,carpet
3612,concrete
3613,tiled
3614,concrete
3615,tiled
3616,soft_pvc
3617,wood
3618,carpet
3619,tiled
3620,hard_tiles_large_space
3621,hard_tiles_large_space
3622,wood
3623,fine_concrete
3624,wood
3625,concrete
3626,soft_tiles
3627,soft_pvc
3628,fine_concrete
3629,wood
3630,carpet
3631,soft_pvc
3632,fine_concrete
3633,fine_concrete
3634,tiled
3635,soft_tiles
3636,hard_tiles_large_space
3637,soft_pvc
3638,tiled
3639,hard_tiles_large_space
3640,concrete
3641,concrete
3642,wood
3643,concrete
3644,fine_concrete
3645,soft_pvc
3646,wood
3647,soft_pvc
3648,soft_tiles
3649,fine_concrete
3650,soft_pvc
3651,wood
3652,soft_tiles
3653,wood
3654,concrete
3655,concrete
3656,fine_concrete
3657,soft_pvc
3658,tiled
3659,concrete
3660,soft_pvc
3661,concrete
3662,soft_pvc
3663,fine_concrete
3664,concrete
3665,wood
3666,hard_tiles_large_space
3667,wood
3668,hard_tiles_large_space
3669,tiled
3670,wood
3671,concrete
3672,wood
3673,concrete
3674,concrete
3675,hard_tiles_large_space
3676,carpet
3677,concrete
3678,concrete
3679,tiled
3680,concrete
3681,tiled
3682,concrete
3683,soft_pvc
3684,fine_concrete
3685,hard_tiles_large_space
3686,hard_tiles_large_space
3687,concrete
3688,concrete
3689,carpet
3690,tiled
3691,concrete
3692,tiled
3693,wood
3694,soft_pvc
3695,wood
3696,wood
3697,soft_pvc
3698,wood
3699,soft_tiles
3700,wood
3701,concrete
3702,carpet
3703,tiled
3704,soft_tiles
3705,tiled
3706,wood
3707,soft_tiles
3708,tiled
3709,hard_tiles_large_space
3710,concrete
3711,soft_pvc
3712,soft_pvc
3713,concrete
3714,concrete
3715,soft_pvc
3716,concrete
3717,concrete
3718,concrete
3719,concrete
3720,tiled
3721,soft_tiles
3722,soft_pvc
3723,concrete
3724,concrete
3725,soft_pvc
3726,tiled
3727,hard_tiles_large_space
3728,wood
3729,soft_tiles
3730,soft_pvc
3731,wood
3732,tiled
3733,soft_pvc
3734,concrete
3735,concrete
3736,soft_tiles
3737,fine_concrete
3738,concrete
3739,carpet
3740,soft_pvc
3741,concrete
3742,tiled
3743,wood
3744,tiled
3745,soft_pvc
3746,wood
3747,tiled
3748,concrete
3749,wood
3750,soft_pvc
3751,wood
3752,fine_concrete
3753,soft_pvc
3754,wood
3755,soft_tiles
3756,wood
3757,soft_pvc
3758,wood
3759,hard_tiles_large_space
3760,hard_tiles_large_space
3761,fine_concrete
3762,concrete
3763,fine_concrete
3764,concrete
3765,concrete
3766,concrete
3767,concrete
3768,soft_tiles
3769,soft_pvc
3770,tiled
3771,wood
3772,concrete
3773,wood
3774,soft_tiles
3775,tiled
3776,concrete
3777,concrete
3778,concrete
3779,soft_pvc
3780,soft_pvc
3781,soft_pvc
3782,fine_concrete
3783,soft_pvc
3784,soft_tiles
3785,hard_tiles_large_space
3786,wood
3787,concrete
3788,hard_tiles_large_space
3789,concrete
3790,concrete
3791,hard_tiles_large_space
3792,soft_pvc
3793,wood
3794,concrete
3795,concrete
3796,hard_tiles_large_space
3797,concrete
3798,wood
3799,concrete
3800,soft_tiles
3801,wood
3802,fine_concrete
3803,concrete
3804,hard_tiles_large_space
3805,wood
3806,concrete
3807,wood
3808,tiled
3809,soft_tiles
3810,concrete
3811,fine_concrete
3812,soft_tiles
3813,fine_concrete
3814,carpet
3815,wood
